{"train/loss_epoch":0.5888431072235107,"valid/loss":0.5871066451072693,"epoch":4,"train/acc_step":0.59375,"valid/recall_micro":0.945298433303833,"valid/f1":0.8098853826522827,"_wandb":{"runtime":30},"train/acc_epoch":0.7006543278694153,"trainer/global_step":574,"valid/recall_macro":0.945298433303833,"valid/acc":0.6985294222831726,"valid/precision_micro":0.7118510603904724,"_timestamp":1.768568178885584e+09,"_step":66,"valid/precision_macro":0.7118510603904724,"_runtime":30,"train/loss_step":0.7127575874328613}