{"valid/f1":0.7836214900016785,"valid/precision_micro":0.7609061598777771,"train/acc_epoch":0.8410577774047852,"_timestamp":1.7685716427838864e+09,"valid/recall_macro":0.8105891346931458,"valid/precision_macro":0.7609061598777771,"valid/acc":0.6960784196853638,"trainer/global_step":811,"epoch":13,"train/acc_step":0.859375,"train/loss_step":0.41417548060417175,"train/loss_epoch":0.41376250982284546,"_wandb":{"runtime":136},"valid/loss":0.5935822129249573,"_runtime":136,"valid/recall_micro":0.8105891346931458,"_step":108}